<?xml version="1.0" encoding="UTF-8" ?>
<!DOCTYPE log4j:configuration SYSTEM "log4j.dtd"> 

<log4j:configuration debug="true" xmlns:log4j='http://jakarta.apache.org/log4j/'>
    <appender name="CONSOLE" class="org.apache.log4j.ConsoleAppender">
        <layout class="org.apache.log4j.PatternLayout">
            <param name="ConversionPattern"
            value="Time[%d] %t %-5p %c Message[%m] %n" />
        </layout>
    </appender>

    <appender name="FILE" class="org.apache.log4j.RollingFileAppender">
        <param name="File" value="D:\\logging.log" />
        <param name="Append" value="true" />
        <param name="Threshold" value="INFO"/>
        <param name="MaxBackupIndex" value="10" />
        <param name="MaxFileSize" value="100MB" />
        <layout class="org.apache.log4j.PatternLayout">
            <param name="ConversionPattern"
            value="Time[%d] %t %-5p %c Message[%m] %n" />
        </layout>
    </appender>

    <appender name="EXCEPTION_LOG" class="org.apache.log4j.DailyRollingFileAppender">
        <param name="File" value="log/Exception.log" />
        <param name="Append" value="true" />
        <param name="Threshold" value="ERROR"/>
        <param name="DatePattern" value=".yyyy-MM-dd"/>
        <layout class="org.apache.log4j.PatternLayout">
            <param name="ConversionPattern"
            value="Time[%d] %t %-5p %c Message %m %n" />
        </layout>
    </appender>

   	<appender name="ASYNC" class="org.apache.log4j.AsyncAppender">
        <param name="BufferSize" value="512" />
        <appender-ref ref="FILE" />
        <appender-ref ref="CONSOLE" />
    </appender>

   	<appender name="EXCEPTION_LOG_ASYNC" class="org.apache.log4j.AsyncAppender">
        <param name="BufferSize" value="512" />
        <appender-ref ref="EXCEPTION_LOG" />
    </appender>

    
	<logger name="org.apache.commons" additivity="false">
		<level value="info"/>
		<appender-ref ref="ASYNC"/>
	</logger>

	<logger name="org.springframework" additivity="false">
		<level value="debug"/>
		<appender-ref ref="ASYNC"/>
	</logger>
	
	<root>
		<level value="debug"/>
        <appender-ref ref="ASYNC" />
        <appender-ref ref="EXCEPTION_LOG_ASYNC" />
    </root>




</log4j:configuration>