<configuration scan="true" scanPeriod="5 minutes"> 
	<property file="${CONFIG_DIR}/${ENV}/logger.properties" />
 
	<appender name="SIFT" class="ch.qos.logback.classic.sift.SiftingAppender">
		<discriminator>
			<key>loggingDomain</key>
			<defaultValue>omui</defaultValue>
		</discriminator>
		<sift>
			<appender name="FILE-${loggingDomain}" class="com.hp.service.core.DatabaseLoadRollingFileAppender">
				<file>${logPath}/appl-${loggingDomain}.log</file>
				<rollingPolicy class="ch.qos.logback.core.rolling.TimeBasedRollingPolicy">
					<fileNamePattern>${logPath}/appl-${loggingDomain}.log.%d{yyyy-MM-dd}.%i.gz</fileNamePattern>
					<maxHistory>30</maxHistory>
					<timeBasedFileNamingAndTriggeringPolicy	class="ch.qos.logback.core.rolling.SizeAndTimeBasedFNATP">
						<maxFileSize>30MB</maxFileSize>
					</timeBasedFileNamingAndTriggeringPolicy>
				</rollingPolicy>
				<encoder>
    				<pattern>%d{yyyy-MM-dd HH:mm:ss.SSS} [%thread] %-5level %logger{36} - %msg %n</pattern>
				</encoder>
			</appender>
		</sift>
	</appender>

	<appender name="STDOUT" class="ch.qos.logback.core.ConsoleAppender">
	 <filter class="ch.qos.logback.core.filter.EvaluatorFilter">
                 <evaluator class="ch.qos.logback.classic.boolex.GEventEvaluator">
                       <expression>
                              !( e.mdc?.get("loggingDomain") =~ /profile/ || e.mdc?.get("loggingDomain") =~ /salesorder/)
                       </expression>
                 </evaluator>
                 <OnMismatch>DENY</OnMismatch>
                 <OnMatch>NEUTRAL</OnMatch>
          </filter>
    	<!-- encoders are assigned the type
         ch.qos.logback.classic.encoder.PatternLayoutEncoder by default -->
    	<encoder>
    		<pattern>%d{yyyy-MM-dd HH:mm:ss.SSS} [%thread] %-5level %logger{36} - %msg %n</pattern>
    	</encoder>
  	</appender>

  <appender name="FILE" class="ch.qos.logback.core.rolling.RollingFileAppender">
  	<filter class="ch.qos.logback.classic.filter.ThresholdFilter">
      <level>ERROR</level>
    </filter>
    <file>${logPath}/${fileLog}.csv</file>
    <append>false</append>
    <rollingPolicy class="ch.qos.logback.core.rolling.TimeBasedRollingPolicy">
      <!-- daily rollover -->
      <fileNamePattern>${logPath}/${fileLog}.%d.gz</fileNamePattern>

      <!-- keep 30 days' worth of history -->
      <maxHistory>30</maxHistory>
    </rollingPolicy>

    <encoder>
      <pattern>%d{HH:mm:ss.SSS},%msg%n</pattern>
    </encoder>
  </appender> 
  
  <appender name="ExceptionLog" class="ch.qos.logback.core.rolling.RollingFileAppender">
    <filter class="ch.qos.logback.classic.filter.ThresholdFilter">
      <level>ERROR</level>
    </filter>
    <file>${logPath}/${exceptionLog}.log</file>
    <append>true</append>
    <rollingPolicy class="ch.qos.logback.core.rolling.TimeBasedRollingPolicy">
      <!-- daily rollover -->
      <fileNamePattern>${exceptionLog}.%d.gz</fileNamePattern>

      <!-- keep 30 days' worth of history -->
      <maxHistory>30</maxHistory>
    </rollingPolicy>

    <encoder>
      <pattern>[STX]%d{HH:mm:ss.SSS} [%thread] %-5level %logger{36} - %msg [ETX]%n</pattern>
    </encoder>
  </appender> 

	<!-- <appender name="SOCKET" class="com.hp.appender.SocketAppender">
    	<remoteHost>${host}</remoteHost>
    	<port>${port}</port>
    	<reconnectionDelay>${reconnectionDelay}</reconnectionDelay>
    	<includeCallerData>${includeCallerData}</includeCallerData>
  	</appender> -->

<!--   <appender name="SAP" class="ch.qos.logback.core.rolling.RollingFileAppender">
    <file>${logPath}/SAPCalls.log</file>
    <append>true</append>
    <rollingPolicy class="ch.qos.logback.core.rolling.TimeBasedRollingPolicy">
      daily rollover
      <fileNamePattern>${logPath}/SAPCalls.%d.gz</fileNamePattern>

      keep 30 days' worth of history
      <maxHistory>30</maxHistory>
    </rollingPolicy>

    <encoder>
      <pattern>[STX]%d{HH:mm:ss.SSS} [%thread] %-5level %logger{36} - %msg [ETX]%n</pattern>
    </encoder>
  </appender>  -->


<appender name="apacheAxisAppender" class="ch.qos.logback.core.rolling.RollingFileAppender">
   <file>${logPath}/AxisCalls.log</file>
    <append>true</append>
    <rollingPolicy class="ch.qos.logback.core.rolling.TimeBasedRollingPolicy">
      <!-- daily rollover -->
      <fileNamePattern>${logPath}/AxisCalls.%d.gz</fileNamePattern>

      <!-- keep 30 days' worth of history -->
      <maxHistory>30</maxHistory>
    </rollingPolicy>
    <encoder>
      <pattern>%d %-5p [%c] %m%n</pattern>
    </encoder>
</appender>

	<logger name="org.apache.commons" additivity="false">
		<level value="info"/>
		<appender-ref ref="FILE"/>
		<appender-ref ref="STDOUT"/>
    	<appender-ref ref="SIFT" />
	</logger>

	<logger name="SAPCallLog" additivity="false">
		<level value="debug"/>
		<appender-ref ref="SAP"/>
	</logger>
	
	<logger name="org.springframework" additivity="false">
		<level value="info"/>
		<appender-ref ref="FILE"/>
		<appender-ref ref="STDOUT"/>
    	<appender-ref ref="SIFT" />
	</logger>

	<logger name="org.springframework.web.servlet.mvc.annotation.DefaultAnnotationHandlerMapping" additivity="false">
		<level value="warn"/>
		<appender-ref ref="FILE"/>
		<appender-ref ref="STDOUT"/>
    	<appender-ref ref="SIFT" />
	</logger>	
	
	<logger name="org.eclipse" additivity="false">
		<level value="info"/>
		<appender-ref ref="FILE"/>
		<appender-ref ref="STDOUT"/>
    	<appender-ref ref="SIFT" />
	</logger>

	<logger name="com.hp" additivity="false">
		<level value="trace"/>
		<appender-ref ref="FILE"/>
		<appender-ref ref="STDOUT"/>
    	<appender-ref ref="SIFT" />
	</logger>
	<logger name="org.apache.axis.transport.http.HTTPSender">
	   <level value="DEBUG"/>
	   <appender-ref ref="apacheAxisAppender"/>
	</logger>	
	<root level="INFO">
    	<appender-ref ref="FILE" />
    	<appender-ref ref="ExceptionLog" />
    	<appender-ref ref="STDOUT" />
    	<appender-ref ref="SIFT" />
<!--     	<appender-ref ref="SOCKET" /> -->
  	</root>
</configuration>